,docid,group_label,genres,year
0,4,1,teamred | pbgothic | stew | lavin_ghost,1764
1,7,1,teamblack | pbgothic | lavin_ghost,1777
2,11,1,teamblack | pbgothic | stew | lavin_deranged,1785
3,13,1,teamblack | pbgothic | stew | lavin_magic,1786
4,15,0,teamblack | pbgothic | stew | lavin_deranged,1788
5,16,0,teamred | pbgothic | stew | lavin_deranged,1788
6,18,1,teamred | pbgothic | stew | lavin_deranged,1790
7,20,1,teamred | pbgothic | stew | lavin_deranged,1790
8,22,0,teamblack | stangothic,1791
9,23,1,teamblack | pbgothic | stew | lavin_deranged,1791
10,24,1,teamred | pbgothic | stew | lavin_deranged,1794
11,27,1,teamblack | pbgothic | stew,1794
12,28,1,teamred | pbgothic,1794
13,31,1,teamblack | pbgothic | lavin_magic,1796
14,32,0,teamblack | pbgothic | lavin_ghost,1796
15,34,1,teamblack | pbgothic | stew | lavin_magic,1796
16,35,1,teamred | pbgothic,1798
17,36,1,teamred | pbgothic | lavin_magic | lavin_deranged,1799
18,44,1,teamblack | stangothic,1801
19,45,1,teamblack | stangothic,1802
20,48,1,teamred | stangothic,1803
21,49,1,teamblack | stangothic,1803
22,51,1,teamblack | stangothic,1803
23,53,1,teamblack | stangothic | stew,1803
24,54,1,teamblack | stangothic,1803
25,55,1,teamred | stangothic | stew,1803
26,57,1,teamblack | stangothic | stew,1806
27,59,0,teamred | stangothic,1807
28,60,1,teamblack | pbgothic,1807
29,61,1,teamred | stangothic,1807
30,65,1,teamred | stangothic,1809
31,67,1,teamblack | stangothic,1810
32,68,1,teamred | stangothic | stew,1812
33,71,0,teamred | stangothic,1813
34,72,4,teamblack | pbgothic | lavin_deranged,1816
35,75,0,teamblack | pbgothic,1818
36,76,0,teamblack | lochorror | stew,1818
37,79,1,stangothic | femscifi | teamred | stew,1818
38,80,0,teamred | lochorror | stew,1818
39,81,1,teamblack | stangothic,1818
40,82,0,teamred | lochorror,1818
41,83,0,teamblack | lochorror,1818
42,84,1,teamblack | pbgothic | lavin_magic | lavin_deranged,1820
43,87,1,teamblack | pbgothic | lavin_ghost | lavin_magic,1820
44,88,1,teamblack | pbgothic | stew | lavin_magic | lavin_deranged,1820
45,89,1,teamred | pbgothic | stew | lavin_magic | lavin_deranged,1821
46,93,1,teamblack | stangothic,1823
47,94,0,teamred | stangothic,1823
48,98,1,teamred | locghost | stew | lavin_ghost,1826
49,100,4,teamblack | pbgothic,1826
50,101,4,teamred | pbgothic | stew,1826
51,103,1,teamblack | pbgothic | stew,1827
52,116,1,teamblack | pbgothic | lavin_magic,1832
53,121,1,teamblack | pbgothic,1833
54,125,0,teamred | newgate | stangothic | lavin_ghost | lavin_magic,1834
55,128,1,teamblack | pbgothic | lavin_ghost,1837
56,130,0,teamred | pbgothic | stew,1838
57,135,1,teamred | pbgothic | stew,1840
58,137,0,teamblack | pbgothic | stew,1841
59,141,1,teamred | pbgothic | lavin_ghost | lavin_magic | lavin_deranged,1843
60,144,1,teamred | pbgothic | stew,1844
61,149,1,teamred | pbgothic | stew,1846
62,150,1,teamred | pbgothic | lavin_ghost | lavin_magic | lavin_deranged,1846
63,151,0,teamred | pbgothic | lavin_deranged,1847
64,152,0,teamred | pbgothic | stew | lavin_deranged,1847
65,156,0,teamred | pbgothic | stew | lavin_deranged,1847
66,157,1,teamred | locghost | stew | lavin_ghost,1848
67,160,0,teamblack | pbgothic | lavin_magic,1849
68,161,1,teamblack | pbgothic,1850
69,162,1,teamred | pbgothic | stew,1850
70,166,1,teamblack | pbgothic,1851
71,168,0,teamblack | pbgothic,1853
72,172,0,teamblack | pbgothic,1858
73,174,0,teamblack | pbgothic | stew | lavin_magic,1858
74,179,0,teamred | sensation | pbgothic | stew | lavin_deranged,1860
75,188,0,sensation | pbgothic | teamblack | stew,1864
76,189,0,teamred | sensation | pbgothic | stew,1864
77,190,0,teamred | sensation | pbgothic | stew,1864
78,193,0,teamblack | pbgothic,1865
79,197,0,teamred | sensation | pbgothic | stew,1866
80,207,0,teamred | det100 | pbgothic | lavin_deranged,1868
81,219,0,teamblack | pbgothic | stew | lavin_ghost | lavin_magic | lavin_deranged,1872
82,240,0,teamred | pbgothic | stew | lavin_ghost,1878
83,256,0,teamred | pbgothic | stew,1882
84,260,0,teamred | pbgothic | lavin_magic,1885
85,268,0,teamred | pbgothic | anatscifi | stew,1886
86,270,0,teamblack | locghost | lavin_ghost,1887
87,276,0,teamred | locghost | lavin_ghost,1888
88,277,0,teamred | pbgothic | lavin_ghost,1888
89,280,1,teamblack | locghost | stew | lavin_ghost,1888
90,281,1,teamred | locghost | stew | lavin_ghost,1888
91,284,0,teamblack | pbgothic | stew,1888
92,290,0,teamblack | locghost | stew | lavin_ghost,1888
93,291,1,teamblack | locghost | lavin_ghost,1888
94,294,0,teamred | pbgothic | stew | lavin_ghost,1890
95,295,0,teamblack | locghost | lavin_ghost,1890
96,297,0,teamblack | locghost | stew | lavin_ghost,1890
97,299,0,teamblack | pbgothic | lavin_magic | lavin_deranged,1891
98,301,0,teamblack | pbgothic | stew,1891
99,308,0,teamblack | pbgothic | stew,1892
100,312,0,teamblack | pbgothic | lavin_ghost,1893
101,320,0,teamred | pbgothic | lavin_magic,1895
102,327,2,teamblack | pbgothic | stew | lavin_magic,1897
103,331,0,teamred | locghost | stew | lavin_ghost,1898
104,332,0,teamblack | locghost | lavin_ghost,1898
105,334,0,teamred | pbgothic | lavin_ghost | lavin_magic,1898
106,353,0,teamblack | pbgothic | lavin_ghost,1903
107,360,0,teamred | locghost | stew | lavin_ghost,1904
108,364,0,teamred | locghost | lavin_ghost,1905
109,366,3,teamblack | pbgothic | stew,1905
110,368,0,teamblack | pbgothic | stew | lavin_ghost,1906
111,370,0,teamred | locghost | stew | lavin_ghost,1906
112,391,0,teamred | pbgothic | lavin_ghost,1910
113,404,0,teamred | pbgothic | stew | lavin_ghost,1911
114,412,0,teamblack | locghost | lavin_ghost,1912
115,420,0,teamred | locghost | lavin_ghost,1913
116,433,0,teamred | locghost | lavin_ghost,1914
117,455,0,teamblack | locghost | stew | lavin_ghost,1918
118,462,0,teamred | pbgothic | lavin_ghost,1919
119,464,0,teamblack | locghost | stew | lavin_ghost,1919
120,467,0,teamred | pbgothic,1919
121,475,0,teamred | locghost | stew | lavin_ghost,1920
122,490,0,teamred | locghost | stew | lavin_ghost,1921
123,491,0,teamred | locghost | lavin_ghost,1921
124,499,1,teamblack | locghost | stew | lavin_ghost,1922
125,501,0,teamblack | locdetmyst | locghost | stew | lavin_ghost,1922
126,516,0,teamblack | locdetmyst | locghost | lavin_ghost,1922
127,517,0,teamblack | locdetmyst | locghost | lavin_ghost,1922
128,518,0,teamblack | locdetmyst | locghost | lavin_ghost,1922
129,542,2,teamblack | pbgothic | lavin_magic,1927
130,591,2,teamblack | pbgothic,1932
131,596,3,chifantasy | teamblack | chihorror | stew,1933
132,601,2,teamblack | pbgothic | stew,1934
133,621,2,teamred | pbgothic | stew,1938
134,676,3,teamblack | pbgothic | stew,1946
135,688,3,chifantasy | teamblack | chihorror | chiscifi,1948
136,690,2,teamred | pbgothic | chiscifi | lavin_ghost | lavin_magic,1948
137,744,2,teamred | pbgothic | chihorror | chiscifi | lavin_magic,1954
138,766,2,teamblack | pbgothic | lavin_slasher,1959
139,767,2,teamblack | pbgothic | stew | lavin_ghost,1959
140,780,2,teamblack | chihorror | chiscifi | lavin_magic,1962
141,821,2,teamblack | pbgothic | chihorror | stew | lavin_magic,1967
142,823,2,teamred | pbgothic | chihorror | lavin_magic,1968
143,824,2,teamred | chihorror | lavin_magic,1968
144,844,2,teamblack | pbgothic | lavin_magic,1971
145,849,2,teamblack | chihorror | chiscifi,1972
146,868,2,teamblack | chihorror | stew | lavin_magic,1976
147,869,3,teamblack | pbgothic | lavin_magic,1976
148,881,2,teamred | chihorror | lavin_slasher,1977
149,893,2,teamred | pbgothic,1978
150,896,2,teamred | chihorror | stew,1978
151,898,2,teamred | chihorror | stew | lavin_magic,1978
152,900,2,teamred | chimyst | chihorror | lavin_magic,1978
153,907,2,teamblack | chihorror | chiscifi | stew | lavin_ghost,1979
154,912,2,teamred | chihorror,1980
155,914,2,chimyst | pbgothic | teamred | lavin_slasher,1981
156,920,2,teamblack | pbgothic | stew | lavin_magic,1981
157,926,2,teamblack | chihorror | stew | lavin_slasher | lavin_deranged,1982
158,938,3,teamred | pbgothic | chiscifi | stew,1984
159,947,3,teamred | chihorror | chiscifi | stew | lavin_magic,1986
160,960,2,teamred | pbgothic | chihorror | lavin_slasher | lavin_deranged,1987
161,964,3,teamblack | pbgothic | lavin_ghost,1987
162,968,3,chifantasy | teamblack | pbgothic | stew | lavin_magic,1988
163,976,2,teamblack | chihorror | stew,1989
164,978,2,teamred | chihorror | chiscifi | stew,1989
165,980,2,chifantasy | teamblack | chimyst | chihorror | lavin_slasher | lavin_magic,1989
